name,isin,symbol,url,keyword
XTRACKERS NIFTY 50 UCITS ETF - 1C,LU0292109690,XNID,https://www.charles-stanley-direct.co.uk/ViewShare?InvestmentId=4OcTqLxAgDY%3D,"Invest in this share within an ISA, JISA, SIPP or Investment Account"
JPMORGAN ETFS (IRELAND) ICAV BETABUILD UK GLT 1-5YR UCITS ETF GBP INC,-,JG15,https://www.charles-stanley-direct.co.uk/ViewShare?InvestmentId=%2B4w4Asdo7HU%3D,"Invest in this share within an ISA, JISA, SIPP or Investment Account"
JPMORGAN ETFS (IRELAND) ICAV JPM US REI SRI PA UCITS ETF USD DIST,-,JSUD,https://www.charles-stanley-direct.co.uk/ViewShare?InvestmentId=NUCCBcYq4xU%3D,"Invest in this share within an ISA, JISA, SIPP or Investment Account"
HSBC ETFS PLC HSBC PLS WLD EQ INC QUNT ACT UCT ETF USD,-,HQIW,https://www.charles-stanley-direct.co.uk/ViewShare?InvestmentId=NTKnvstNt8o%3D,"Invest in this share within an ISA, JISA, SIPP or Investment Account"
JPMORGAN ETFS (IRELAND) ICAV JPM US REI SRI PA UCITS ETF GBPH DIST,-,JSUG,https://www.charles-stanley-direct.co.uk/ViewShare?InvestmentId=4O9kuDf7BX4%3D,"Invest in this share within an ISA, JISA, SIPP or Investment Account"
AMUNDI LUXEMBOURG SA MSCI CHINA A II UCITS ETF USD DIST,-,C024,https://www.charles-stanley-direct.co.uk/ViewShare?InvestmentId=hvv2Jg7jLtg%3D,"Invest in this share within an ISA, JISA, SIPP or Investment Account"
JANUS HENDERSON ICAV JH US TRNSFM IGH CON ETF USD A,IE0009ZTL4B5,JTXX,https://www.charles-stanley-direct.co.uk/ViewShare?InvestmentId=vxLLeIt1baQ%3D,"Invest in this share within an ISA, JISA, SIPP or Investment Account"
ISHARES V PLC S&P500 INDUSTRIALS SECTOR UCIT ETF USD(G,IE00B4LN9N13,IISU,https://www.charles-stanley-direct.co.uk/ViewShare?InvestmentId=vjTEoGAEGf4%3D,"Invest in this share within an ISA, JISA, SIPP or Investment Account"
ISHARES IV PLC ISH MSCI MC EWT UCITS ETF-UA USD,IE00BD1F4K20,IUSF,https://www.charles-stanley-direct.co.uk/ViewShare?InvestmentId=Go4PGLoCLd4%3D,"Invest in this share within an ISA, JISA, SIPP or Investment Account"
INVESCO MARKETS II PLC HYDROGEN ECONOMY UCITS ETF USD(GBP) ACC,-,HYDN,https://www.charles-stanley-direct.co.uk/ViewShare?InvestmentId=ZPOlLtQ2Q6E%3D,"Invest in this share within an ISA, JISA, SIPP or Investment Account"
UBS (LUX) FUND SOLUTIONS SICAV BBG TIPS 10 PLS UCITS ETF A GBP HGD ACC,LU1459803216,T10A,https://www.charles-stanley-direct.co.uk/ViewShare?InvestmentId=KN5%2FX%2Bxm%2FPA%3D,"Invest in this share within an ISA, JISA, SIPP or Investment Account"
UBS (IRL) FUND SOLUTIONS PLC UBS S&P 500 EQUAL WEIGHT SF ETF USD DIS,-,S5EW,https://www.charles-stanley-direct.co.uk/ViewShare?InvestmentId=gsSgoySP%2BMc%3D,"Invest in this share within an ISA, JISA, SIPP or Investment Account"
UBS (LUX) FUND SOLUTIONS SICAV UBS JPM USD EM DIVSIF BD 1-5 U ETF HGBP,-,UBXX,https://www.charles-stanley-direct.co.uk/ViewShare?InvestmentId=SLZ1YlO21Pk%3D,"Invest in this share within an ISA, JISA, SIPP or Investment Account"
JPMORGAN ETFS (IRELAND) ICAV CLIMATE CHANGE SOLUTIONS ACTIVE UCITS ET,-,T3MD,https://www.charles-stanley-direct.co.uk/ViewShare?InvestmentId=p%2Bvn%2B8qR4jA%3D,"Invest in this share within an ISA, JISA, SIPP or Investment Account"
JPMORGAN ETFS (IRELAND) ICAV GLOBAL IG CORPORATE BOND ACTIVE UCITS ET,IE00064KQDB3,JIDG,https://www.charles-stanley-direct.co.uk/ViewShare?InvestmentId=jJsh9fDZYjs%3D,"Invest in this share within an ISA, JISA, SIPP or Investment Account"
JPMORGAN ETFS (IRELAND) ICAV GLOBAL HIGH YIELD CORP BD MF UCITS ETF U,-,JGHD,https://www.charles-stanley-direct.co.uk/ViewShare?InvestmentId=zA%2F908I%2BOvA%3D,"Invest in this share within an ISA, JISA, SIPP or Investment Account"
JPMORGAN ETFS (IRELAND) ICAV US EQ PREMIUM INC ACT UCITS ETF USD DIS,-,JEPI,https://www.charles-stanley-direct.co.uk/ViewShare?InvestmentId=ydcjZR6128E%3D,"Invest in this share within an ISA, JISA, SIPP or Investment Account"
JPMORGAN ETFS (IRELAND) ICAV JPM CHINA A RES ENH IDX EQ ACTV UCT ETF,-,JREC,https://www.charles-stanley-direct.co.uk/ViewShare?InvestmentId=FTLG1bzoWWk%3D,"Invest in this share within an ISA, JISA, SIPP or Investment Account"
XTRACKERS MSCI CHINA UCITS ETF (GBP) (DR),LU0514695690,XCX6,https://www.charles-stanley-direct.co.uk/ViewShare?InvestmentId=jZhI94WjNvc%3D,"Invest in this share within an ISA, JISA, SIPP or Investment Account"
XTRACKERS MSCI CHINA UCITS ETF USD (DR),LU0514695690,XCS6,https://www.charles-stanley-direct.co.uk/ViewShare?InvestmentId=RxJHxXK4uJ0%3D,"Invest in this share within an ISA, JISA, SIPP or Investment Account"
XTRACKERS II US TREASURIES 1-3 UCITS ETF 1C USD ACC,LU1920015523,XUS1,https://www.charles-stanley-direct.co.uk/ViewShare?InvestmentId=FWLR%2B%2BLP%2Bf4%3D,"Invest in this share within an ISA, JISA, SIPP or Investment Account"
INVESCO MARKETS PLC S&P 500 UCITS ETF GBP ACC HDG,IE00BKX8G916,G500,https://www.charles-stanley-direct.co.uk/ViewShare?InvestmentId=NkVCYaLh82U%3D,"Invest in this share within an ISA, JISA, SIPP or Investment Account"
AMUNDI INDEX SOLUTIONS AMUNDI NASDAQ-100 SWAP UCITS ETF USD ACC,-,ANXG,https://www.charles-stanley-direct.co.uk/ViewShare?InvestmentId=4rzxWGS%2FwSA%3D,"Invest in this share within an ISA, JISA, SIPP or Investment Account"
XTRACKERS (IE) PLC S&P 500 UCITS ETF 4C USD (GBP),-,XDPP,https://www.charles-stanley-direct.co.uk/ViewShare?InvestmentId=HX0oxIgDhJc%3D,"Invest in this share within an ISA, JISA, SIPP or Investment Account"
OSSIAM IRL ICAV OSSIAM ETF SHILLER ESG LC US SECTOR GBX,-,5HEP,https://www.charles-stanley-direct.co.uk/ViewShare?InvestmentId=s8%2BwsVbSQQk%3D,
VANECK UCITS ETFS PLC VNCK UC ETFS JPM EM LOC CCY BD UC A GBP,IE00BDS67326,EMGB,https://www.charles-stanley-direct.co.uk/ViewShare?InvestmentId=73kUyds2HIo%3D,"Invest in this share within an ISA, JISA, SIPP or Investment Account"
HSBC ETFS PLC MULTI FACTOR WORLDWIDE EQTY UCITS USD,IE00BKZGB098,HWWD,https://www.charles-stanley-direct.co.uk/ViewShare?InvestmentId=rtddi0AOi9g%3D,"Invest in this share within an ISA, JISA, SIPP or Investment Account"
SSGA SPDR ETFS EUROPE II PLC SS SPDR S&P US MTRLS SEL SCTR UCS ETFUSD,-,SXLB,https://www.charles-stanley-direct.co.uk/ViewShare?InvestmentId=Hkq0t6gW7mQ%3D,"Invest in this share within an ISA, JISA, SIPP or Investment Account"
JPMORGAN ETFS (IRELAND) ICAV ALL COUNTRY RESEARCH ENHANCED INDEX EQUI,-,JRAW,https://www.charles-stanley-direct.co.uk/ViewShare?InvestmentId=qwuTCd%2Bzy90%3D,"Invest in this share within an ISA, JISA, SIPP or Investment Account"
CONNECT ETFS ICAV EURIZON SLJ EM BOND STRATEGIC INCOME UCI,-,EBGD,https://www.charles-stanley-direct.co.uk/ViewShare?InvestmentId=XHsFc9ms1G8%3D,"Invest in this share within an ISA, JISA, SIPP or Investment Account"
XTRACKERS HARVEST CSI A500 UCITS ETF 1D,LU1310477036,AH50,https://www.charles-stanley-direct.co.uk/ViewShare?InvestmentId=AZkm9Qzhp5s%3D,"Invest in this share within an ISA, JISA, SIPP or Investment Account"
ISHARES MSCI JAPAN UCITS ETF USD DIST,IE00B02KXH56,IJPU,https://www.charles-stanley-direct.co.uk/ViewShare?InvestmentId=%2F4r4XzR3bLk%3D,"Invest in this share within an ISA, JISA, SIPP or Investment Account"
SSGA SPDR ETFS EUROPE I PLC SPDR MSCI EM ASIA UCITS ETF USD(GBP),-,EMAS,https://www.charles-stanley-direct.co.uk/ViewShare?InvestmentId=jlsWYb5PL5M%3D,
SSGA SPDR ETFS EUROPE II PLC SS SPDR CMDTY UCITS ETF USD GBP ACC,-,SCMD,https://www.charles-stanley-direct.co.uk/ViewShare?InvestmentId=ZmzrKuZEdqs%3D,"Invest in this share within an ISA, JISA, SIPP or Investment Account"
SSGA SPDR ETFS EUROPE I PLC SS SPDR BLMG U.S. CORP SCORED UCITS ETF,-,USCR,https://www.charles-stanley-direct.co.uk/ViewShare?InvestmentId=S9bOYawrkIY%3D,"Invest in this share within an ISA, JISA, SIPP or Investment Account"
FIDELITY UCITS ICAV US QUALITY INCOME UCITS ETF GBP ACC HDG,IE00BYV03C98,FUSP,https://www.charles-stanley-direct.co.uk/ViewShare?InvestmentId=5xQRH68b3v0%3D,"Invest in this share within an ISA, JISA, SIPP or Investment Account"
XTRACKERS (IE) PLC XTRACKERS MSCI USA INF TECH UCITS ETF 1D,IE00BGQYRS42,XUTC,https://www.charles-stanley-direct.co.uk/ViewShare?InvestmentId=9%2FR6ADXl1uw%3D,"Invest in this share within an ISA, JISA, SIPP or Investment Account"
XTRACKERS (IE) PLC MSCI GLOBAL SDG IMPACT UCITS ETF 1C USD,-,XDGI,https://www.charles-stanley-direct.co.uk/ViewShare?InvestmentId=uhW%2BtL8qG8U%3D,"Invest in this share within an ISA, JISA, SIPP or Investment Account"
ISHARES IV PLC SHORT DUR CORP BD UCITS ETF USD DIS,IE00BCRY5Y77,IGSD,https://www.charles-stanley-direct.co.uk/ViewShare?InvestmentId=jpXGUCpFwNU%3D,"Invest in this share within an ISA, JISA, SIPP or Investment Account"
AMUNDI INDEX SOLUTIONS AM MSCI EM ASIA UCITS ETF EUR ACC,LU1681044480,AASI,https://www.charles-stanley-direct.co.uk/ViewShare?InvestmentId=0nfvlDEWGyw%3D,"Invest in this share within an ISA, JISA, SIPP or Investment Account"
JPMORGAN ETFS (IRELAND) ICAV NASDAQ EQ PREM INC ACT UCT,-,JEQA,https://www.charles-stanley-direct.co.uk/ViewShare?InvestmentId=cz8KGqeIRag%3D,"Invest in this share within an ISA, JISA, SIPP or Investment Account"
JPMORGAN ETFS (IRELAND) ICAV US HDG EQUITY LADDERED OVERLAY ACTIVE UC,-,HEDL,https://www.charles-stanley-direct.co.uk/ViewShare?InvestmentId=J%2FCt3%2FoAZP0%3D,"Invest in this share within an ISA, JISA, SIPP or Investment Account"
GLOBAL X ETFS II ICAV CHINA ELECTRIC VEHICLE & BATTERY UCITS E,-,CAUG,https://www.charles-stanley-direct.co.uk/ViewShare?InvestmentId=UDrwkJTMzl8%3D,"Invest in this share within an ISA, JISA, SIPP or Investment Account"
SSGA SPDR ETFS EUROPE II PLC SS SPDR MSCI WORLD MATERIALS UCIT,-,WMAT,https://www.charles-stanley-direct.co.uk/ViewShare?InvestmentId=BKIwqzFIbIk%3D,"Invest in this share within an ISA, JISA, SIPP or Investment Account"
SSGA SPDR ETFS EUROPE II PLC SPDR MSCI EUROPE UTILITIES UCITS (EUR),-,UTIL,https://www.charles-stanley-direct.co.uk/ViewShare?InvestmentId=xhH1KCH3jJM%3D,"Invest in this share within an ISA, JISA, SIPP or Investment Account"
XTRACKERS S&P/ASX 200 UCITS ETF (DR),LU0328474803,XAUS,https://www.charles-stanley-direct.co.uk/ViewShare?InvestmentId=kWc0yA9rr5Y%3D,"Invest in this share within an ISA, JISA, SIPP or Investment Account"
HANETF ICAV KOTAK INDO-PACIFIC DEFENCE ETF GBX,-,ADEF,https://www.charles-stanley-direct.co.uk/ViewShare?InvestmentId=Zt8PCP%2FhzBU%3D,"Invest in this share within an ISA, JISA, SIPP or Investment Account"
ISHARES TRUST MSCI INDIA SMALL CAP ETF USD,-,0JKV,https://www.charles-stanley-direct.co.uk/ViewShare?InvestmentId=BrP%2FiINKMLs%3D,"Invest in this share within an ISA, JISA, SIPP or Investment Account"
ISHARES EURO DIVIDEND UCITS ETF GBP DIST HDG,IE0008DFVN75,IDVH,https://www.charles-stanley-direct.co.uk/ViewShare?InvestmentId=UANRPYipTvw%3D,"Invest in this share within an ISA, JISA, SIPP or Investment Account"
WISDOMTREE ISSUER ICAV CYBERSECURITY UCITS ETF USD ACC,IE00BLPK3577,WCBR,https://www.charles-stanley-direct.co.uk/ViewShare?InvestmentId=SfJezJRkS3s%3D,"Invest in this share within an ISA, JISA, SIPP or Investment Account"
ISHARES IV PLC USD TREASURY BOND 20YR UCITS ETF USD ACC,IE00BFM6TC58,DTLA,https://www.charles-stanley-direct.co.uk/ViewShare?InvestmentId=snlPIZgqJ58%3D,"Invest in this share within an ISA, JISA, SIPP or Investment Account"
ISHARES IV PLC MSCI WLD ESG ENHANCED UCITS ETF GBP DIS,IE00BG11HV38,EEWG,https://www.charles-stanley-direct.co.uk/ViewShare?InvestmentId=sQjNudteY2U%3D,"Invest in this share within an ISA, JISA, SIPP or Investment Account"
FIDELITY UCITS ICAV JAPAN EQUITY RES ENH UCITS ETF JPY ACC,IE00BG11HV38,FJPR,https://www.charles-stanley-direct.co.uk/ViewShare?InvestmentId=z%2FkdJO1JlSw%3D,
VANGUARD FUNDS PLC VGI ESG EM ALL CAP ETF (USD) DIST,IE00BG11HV38,V3MM,https://www.charles-stanley-direct.co.uk/ViewShare?InvestmentId=a0yn3Hk96Hs%3D,
HSBC GLOBAL FUNDS ICAV GLOBAL AGGREGATE BD UCITS ETF SH GBP,IE00BG11HV38,HGAS,https://www.charles-stanley-direct.co.uk/ViewShare?InvestmentId=BXNeBXSTUf8%3D,
SSGA SPDR ETFS EUROPE II PLC SS SPDR FTSE GLOBAL CONVERTIBLE BOND UCI,IE00BG11HV38,GLCB,https://www.charles-stanley-direct.co.uk/ViewShare?InvestmentId=Vh4td0yJsus%3D,
SSGA SPDR ETFS EUROPE I PLC SS SPDR DOWJONES GLOB REAL EST U,IE00BG11HV38,GLRE,https://www.charles-stanley-direct.co.uk/ViewShare?InvestmentId=Nvjm7odCups%3D,
SSGA SPDR ETFS EUROPE I PLC SS SPDR S&P UK DIVID ARISTOCRAT UCIT,IE00BG11HV38,UKDV,https://www.charles-stanley-direct.co.uk/ViewShare?InvestmentId=0WmSOcjUryI%3D,
SSGA SPDR ETFS EUROPE I PLC SS SPDR S&P GLOBAL DIVIDEND UCITS USD,IE00BG11HV38,GLDV,https://www.charles-stanley-direct.co.uk/ViewShare?InvestmentId=t%2But25j6x%2BM%3D,
VANECK UCITS ETFS PLC JP MORGAN EM LOC CCY BD UCITS A USD AC(U,IE00BG11HV38,EMLC,https://www.charles-stanley-direct.co.uk/ViewShare?InvestmentId=6brmpMRODbs%3D,
XTRACKERS MSCI EMERGING MARKETS SWAP UCITS ETF 1C,IE00BG11HV38,XMEM,https://www.charles-stanley-direct.co.uk/ViewShare?InvestmentId=eIYYWoVseZs%3D,
WISDOMTREE ISSUER ICAV BIOREVOLUTION UCITS ETF USD ACC,IE00BG11HV38,WDNA,https://www.charles-stanley-direct.co.uk/ViewShare?InvestmentId=dJkIyZ4p1N8%3D,
ISHARES IV PLC HEALTHCARE INNOVATION UCITS ETF ACC,IE00BG11HV38,DRDR,https://www.charles-stanley-direct.co.uk/ViewShare?InvestmentId=SeD9VaXoCQg%3D,
AMERICAN CENTURY ICAV AVANTIS PACIFIC EQUITY UCITS ETF,IE00BG11HV38,AVPE,https://www.charles-stanley-direct.co.uk/ViewShare?InvestmentId=OiATtfk003Q%3D,
XTRACKERS (IE) PLC MSCI NORDIC UCITS ETF 1D,IE00BG11HV38,XDN0,https://www.charles-stanley-direct.co.uk/ViewShare?InvestmentId=LqJRcZVHie4%3D,
ISHARES V PLC IBONDS DEC 2026 TERM USD CORP UCITS ETF,IE00BG11HV38,D26A,https://www.charles-stanley-direct.co.uk/ViewShare?InvestmentId=TB3pPr%2BiuMU%3D,
FRANKLIN TEMPLETON ICAV FRANKLIN FTSE EMG MKTS UCITS ETF USD ACC,IE00BG11HV38,EMGM,https://www.charles-stanley-direct.co.uk/ViewShare?InvestmentId=EsK8U5wSjE0%3D,
BNP PARIBAS ASSET MANAGEMENT LUX SASUSTAINABLE GOVERNMENT BD UCITS ETF EUR,IE00BG11HV38,EGBD,https://www.charles-stanley-direct.co.uk/ViewShare?InvestmentId=ErHbSpPlL4E%3D,
XTRACKERS (IE) PLC XTRACKERS USD CORP BOND UCITS ETF 1D USD,IE00BG11HV38,XDGU,https://www.charles-stanley-direct.co.uk/ViewShare?InvestmentId=5rIFgV1Wmls%3D,
VANGUARD FUNDS PLC ESG GLOBAL ALL CAP UCITS ETF USD DIS,IE00BG11HV38,V3AL,https://www.charles-stanley-direct.co.uk/ViewShare?InvestmentId=N5MyVPEagio%3D,
SSGA SPDR ETFS EUROPE I PLC SS SPDR S&P PAN ASIA DIVIDEND UCIT GBP,IE00BG11HV38,PADV,https://www.charles-stanley-direct.co.uk/ViewShare?InvestmentId=I1TpZ3z5aVI%3D,
XTRACKERS (IE) PLC X MSCI USA SWAP II ETF1D,IE00BG11HV38,USOA,https://www.charles-stanley-direct.co.uk/ViewShare?InvestmentId=9QHP3Xz1JJ4%3D,
INVESCO PHYSICAL MARKETS PLATINUM P-ETC USD,IE00BG11HV38,SPPP,https://www.charles-stanley-direct.co.uk/ViewShare?InvestmentId=b8RC6eIytK8%3D,
LEVERAGE SHARES PLC BUFFETTIQUE GROWTH ETP 03/10/73 EUR10,-,BUFE,https://www.charles-stanley-direct.co.uk/ViewShare?InvestmentId=tdhmniX28eY%3D,"Invest in this share within an ISA, JISA, SIPP or Investment Account"
AMERICAN CENTURY ICAV AVANTIS EMERGING MARKETS EQUITY UCITS ET,-,AVEG,https://www.charles-stanley-direct.co.uk/ViewShare?InvestmentId=8OvSdiKi3H8%3D,"Invest in this share within an ISA, JISA, SIPP or Investment Account"
HANETF ICAV SPROTT URANIUM MINERS ACC ETF USD,IE0005YK6564,URNM,https://www.charles-stanley-direct.co.uk/ViewShare?InvestmentId=x0rRWP5aGXI%3D,"Invest in this share within an ISA, JISA, SIPP or Investment Account"
HANETF ICAV NUCLEAR RENAISSANCE UCITS ETF USD ACC,IE0006WPPA00,NUKZ,https://www.charles-stanley-direct.co.uk/ViewShare?InvestmentId=m74MIIBP6u8%3D,"Invest in this share within an ISA, JISA, SIPP or Investment Account"
INVESCO MARKETS PLC MSCI WORLD A USD UCITS ETF,IE00B60SX394,MXWS,https://www.charles-stanley-direct.co.uk/ViewShare?InvestmentId=ne2jRHXCgRg%3D,"Invest in this share within an ISA, JISA, SIPP or Investment Account"
SSGA SPDR ETFS EUROPE I PLC SPDR BLOOM 0-3 YR US CRP BOND UCITS ETF,-,SUSC,https://www.charles-stanley-direct.co.uk/ViewShare?InvestmentId=r8p8H7%2BfEeY%3D,"Invest in this share within an ISA, JISA, SIPP or Investment Account"
SSGA SPDR ETFS EUROPE I PLC ST ST WLD SML CAP ENH ACTV EQ UCITS ETF,-,SWSC,https://www.charles-stanley-direct.co.uk/ViewShare?InvestmentId=6jTDGbnaZhA%3D,"Invest in this share within an ISA, JISA, SIPP or Investment Account"
ROBECO UCITS ICAV 3D EM EQUITY UCITS ETF USD ACC UNHGD,IE0002Z12PN9,REM3,https://www.charles-stanley-direct.co.uk/ViewShare?InvestmentId=0FpQLXB%2Bjcs%3D,"Invest in this share within an ISA, JISA, SIPP or Investment Account"
WISDOMTREE ISSUER ICAV WISDOMTREE TR EMG MKTS UCITS ETF USD ACC,IE000Q1M7HB8,WEMP,https://www.charles-stanley-direct.co.uk/ViewShare?InvestmentId=UC2%2Bdgduz1U%3D,"Invest in this share within an ISA, JISA, SIPP or Investment Account"
FIDELITY UCITS ICAV EMG MKTS QUALITY INC UCITS ETF USD DIS,IE00BYSX4739,FEME,https://www.charles-stanley-direct.co.uk/ViewShare?InvestmentId=yvGqdDVZir8%3D,"Invest in this share within an ISA, JISA, SIPP or Investment Account"
ISHARES VI PLC MSCI EUROPE FINANC SEC UCITS ETF GBP ACC,IE00BMW42306,ESIF,https://www.charles-stanley-direct.co.uk/ViewShare?InvestmentId=rjWT8E9O0tc%3D,"Invest in this share within an ISA, JISA, SIPP or Investment Account"
FRANKLIN TEMPLETON ICAV FRANKLIN FTSE EMG MKTS UCITS ETF USD ACC,IE0004I037N4,EMGM,https://www.charles-stanley-direct.co.uk/ViewShare?InvestmentId=EsK8U5wSjE0%3D,"Invest in this share within an ISA, JISA, SIPP or Investment Account"
WISDOMTREE ISSUER ICAV BIOREVOLUTION UCITS ETF USD(GBP) ACC,IE000O8KMPM1,WBIO,https://www.charles-stanley-direct.co.uk/ViewShare?InvestmentId=PHj0zYAwDJs%3D,"Invest in this share within an ISA, JISA, SIPP or Investment Account"
ISHARES CORE S&P 500 UCITS ETF USD (DIST),IE0031442068,IDUS,https://www.charles-stanley-direct.co.uk/ViewShare?InvestmentId=4ZH7h1wOS%2FE%3D,"Invest in this share within an ISA, JISA, SIPP or Investment Account"
FRANKLIN TEMPLETON ICAV FRANKLIN EM MULTIFACTOR EQUITY UCITS ETF,IE00BF2B0K52,FREM,https://www.charles-stanley-direct.co.uk/ViewShare?InvestmentId=awobJP3x2ys%3D,"Invest in this share within an ISA, JISA, SIPP or Investment Account"
MULTI UNITS LUXEMBOURG AMUNDI MSCI KOREA UCITS ETF ACC,LU1900066975,KRW,https://www.charles-stanley-direct.co.uk/ViewShare?InvestmentId=kwygUHPmjfo%3D,"Invest in this share within an ISA, JISA, SIPP or Investment Account"
HANETF ICAV GOSHAWK GLOBAL BAL UCITS ETF USD ACC,IE00BL643144,ROES,https://www.charles-stanley-direct.co.uk/ViewShare?InvestmentId=4JcuYKlOTbA%3D,"Invest in this share within an ISA, JISA, SIPP or Investment Account"
XTRACKERS (IE) PLC MSCI USA ESG SCREENED UCITS ETF 1C (GBP),-,XRSS,https://www.charles-stanley-direct.co.uk/ViewShare?InvestmentId=aVdG%2BM3fdn0%3D,"Invest in this share within an ISA, JISA, SIPP or Investment Account"
ISHARES IV PLC US MORTGAGE BKD SECS UCITS ETF USD ACC,-,IMBA,https://www.charles-stanley-direct.co.uk/ViewShare?InvestmentId=UdnVT0IBUzs%3D,"Invest in this share within an ISA, JISA, SIPP or Investment Account"
MULTI UNITS FRANCE AMUNDI MSCI INDIA SWAP UCITS ETF USD ACC,-,INRU,https://www.charles-stanley-direct.co.uk/ViewShare?InvestmentId=QdRRQaVyuOA%3D,"Invest in this share within an ISA, JISA, SIPP or Investment Account"
ISHARES III PLC GLOBAL GOVT BOND UCITS ETF GBP DIST HDG,IE00BDFK3H31,IGLH,https://www.charles-stanley-direct.co.uk/ViewShare?InvestmentId=JANOYRbve2o%3D,"Invest in this share within an ISA, JISA, SIPP or Investment Account"
INVESCO MARKETS II PLC US TREASURY BOND UCITS ETF USD DIS,-,TRSG,https://www.charles-stanley-direct.co.uk/ViewShare?InvestmentId=AgcwKne5zC8%3D,"Invest in this share within an ISA, JISA, SIPP or Investment Account"
ISHARES V PLC EM DIVIDEND UCITS ETF USD DIST,IE00B652H904,IEDY,https://www.charles-stanley-direct.co.uk/ViewShare?InvestmentId=pk4LK5Q1ggc%3D,"Invest in this share within an ISA, JISA, SIPP or Investment Account"
XTRACKERS II US TREASURIES UCITS ETF 1D USD DIS,LU0429459356,XUTD,https://www.charles-stanley-direct.co.uk/ViewShare?InvestmentId=NgDXyhq0A6c%3D,"Invest in this share within an ISA, JISA, SIPP or Investment Account"
ISHARES VII PLC ISHARES MSCI EMU UCITS ETF (EUR),IE00B53QG562,CEU1,https://www.charles-stanley-direct.co.uk/ViewShare?InvestmentId=A5E2w9Cjimw%3D,"Invest in this share within an ISA, JISA, SIPP or Investment Account"
XTRACKERS (IE) PLC MSCI WLD INDUSTRIALS UCITS ETF 1C,IE00BM67HV82,XDWI,https://www.charles-stanley-direct.co.uk/ViewShare?InvestmentId=RryBCOSobD4%3D,"Invest in this share within an ISA, JISA, SIPP or Investment Account"
XTRACKERS II GBL GOVT BD UCITS ETF 5C USD,LU0908508731,XGGB,https://www.charles-stanley-direct.co.uk/ViewShare?InvestmentId=NBNhPOi6IQY%3D,"Invest in this share within an ISA, JISA, SIPP or Investment Account"
XTRACKERS II J.P. MOR USD EMERGING MKTS BD UC ETF 2D,-,XUEM,https://www.charles-stanley-direct.co.uk/ViewShare?InvestmentId=wBI%2FpDmykQY%3D,"Invest in this share within an ISA, JISA, SIPP or Investment Account"
ISHARES IV PLC MSC WRLD SCRND UCTS ETF GB H DIS,IE00BKBF6K52,SAWG,https://www.charles-stanley-direct.co.uk/ViewShare?InvestmentId=rOjw0ovU7DE%3D,"Invest in this share within an ISA, JISA, SIPP or Investment Account"
FIRST TRUST GLOBAL FUNDS ICAV FT NASDAQ GREEN ENERGY UCITS ETF,-,QCLN,https://www.charles-stanley-direct.co.uk/ViewShare?InvestmentId=BaQX78dBUYc%3D,"Invest in this share within an ISA, JISA, SIPP or Investment Account"
INVESCO MARKETS II PLC GLOBAL CLEAN ENERGY UCITS ETF USD(GBP) A,,GCLX,https://www.charles-stanley-direct.co.uk/ViewShare?InvestmentId=v3tt%2BjHTUY0%3D,"Invest in this share within an ISA, JISA, SIPP or Investment Account"
JANUS HENDERSON ICAV JH JAPAN EQ HIGH CON ETF T USD,-,JCPG,https://www.charles-stanley-direct.co.uk/ViewShare?InvestmentId=5pfQgVPWon0%3D,"Invest in this share within an ISA, JISA, SIPP or Investment Account"
MULTI UNITS FRANCE AMUNDI MSCI WATER UCITS ETF DIST,-,WATU,https://www.charles-stanley-direct.co.uk/ViewShare?InvestmentId=nQ7xnZ406S0%3D,"Invest in this share within an ISA, JISA, SIPP or Investment Account"
VANGUARD FUNDS PLC FTSE 250 UCITS ETF GBP ACC,IE00BFMXVQ44,VMIG,https://www.charles-stanley-direct.co.uk/ViewShare?InvestmentId=bJvIQAdtmBo%3D,"Invest in this share within an ISA, JISA, SIPP or Investment Account"
HANETF II ICAV YIELDMAX FUTURE DEFENCE OPTION ETF GBX,-,NATI,https://www.charles-stanley-direct.co.uk/ViewShare?InvestmentId=d1cJ3YpyQ7g%3D,"Invest in this share within an ISA, JISA, SIPP or Investment Account"
FRANKLIN TEMPLETON ICAV FRK MSCI EM PARIS UCITS ETF,IE000QLV3SY5,PABE,https://www.charles-stanley-direct.co.uk/ViewShare?InvestmentId=sg5uk9qpKNk%3D,"Invest in this share within an ISA, JISA, SIPP or Investment Account"
HANETF ICAV JUPITER ORIGIN GLOBAL SML COMP ETF GBX,-,JOGP,https://www.charles-stanley-direct.co.uk/ViewShare?InvestmentId=8jDtikUzD%2Fo%3D,"Invest in this share within an ISA, JISA, SIPP or Investment Account"
XTRACKERS (IE) PLC ELCTRFCTN TCHS SMRT GRD UCTS ETF 1C GBP,-,WIRG,https://www.charles-stanley-direct.co.uk/ViewShare?InvestmentId=KOTxS6s7qO4%3D,"Invest in this share within an ISA, JISA, SIPP or Investment Account"
ROBECO UCITS ICAV 3D GLOBAL EQUITY UCITS ETF USD DIS HDG,IE00042EX8S2,3DGD,https://www.charles-stanley-direct.co.uk/ViewShare?InvestmentId=53mugb0PaTM%3D,"Invest in this share within an ISA, JISA, SIPP or Investment Account"
ISHARES IV PLC US MORTGAGE BKD SECS UCITS ETF USD ACC,-,IMBA,https://www.charles-stanley-direct.co.uk/ViewShare?InvestmentId=UdnVT0IBUzs%3D,"Invest in this share within an ISA, JISA, SIPP or Investment Account"
ISHARES III PLC MSCI JPN SMALL CAP UCITS ETF USD DIST,IE00B2QWDY88,IDJP,https://www.charles-stanley-direct.co.uk/ViewShare?InvestmentId=zPpzKjOpxpE%3D,"Invest in this share within an ISA, JISA, SIPP or Investment Account"
ISHARES VII PLC ISHARES CORE EURO STOXX 50 UCITS ETF GBP,IE00B53L3W79,CS51,https://www.charles-stanley-direct.co.uk/ViewShare?InvestmentId=OEWUDaLQggs%3D,"Invest in this share within an ISA, JISA, SIPP or Investment Account"
AB SICAV I EURO CORPORATE BOND PORTFOLIO UCITS ETF,-,EBND,https://www.charles-stanley-direct.co.uk/ViewShare?InvestmentId=dGqVgAKyjSU%3D,"Invest in this share within an ISA, JISA, SIPP or Investment Account"
ISHARES V PLC MSCI POLAND UCITS ETF USD ACC,IE00B4M7GH52,SPOL,https://www.charles-stanley-direct.co.uk/ViewShare?InvestmentId=z%2BTVjn3AO7M%3D,"Invest in this share within an ISA, JISA, SIPP or Investment Account"
ISHARES GLOBAL CORP BOND UCITS ETF GBP HDG DIST,IE00BDFK3G24,CRHG,https://www.charles-stanley-direct.co.uk/ViewShare?InvestmentId=V%2BEyv3B%2F4CU%3D,"Invest in this share within an ISA, JISA, SIPP or Investment Account"
AMUNDI INDEX SOLUTIONS US CORPORATE BOND UCITS ETF DIST,LU2037749152,PRIP,https://www.charles-stanley-direct.co.uk/ViewShare?InvestmentId=m3fC2UR3noc%3D,"Invest in this share within an ISA, JISA, SIPP or Investment Account"
MULTI UNITS LUXEMBOURG AMUNDI MSCI EMU VALUE FACTOR ETF,-,0E78,https://www.charles-stanley-direct.co.uk/ViewShare?InvestmentId=mJhTIr51yVI%3D,"Invest in this share within an ISA, JISA, SIPP or Investment Account"
INVESCO MARKETS PLC INVESCO MSCI EMG MKTS UCIT ETF A USD(GBP,IE00B3DWVS88,MXFP,https://www.charles-stanley-direct.co.uk/ViewShare?InvestmentId=flXnsM6T7rE%3D,"Invest in this share within an ISA, JISA, SIPP or Investment Account"
FIRST TRUST GLOBAL FUNDS ICAV INDXX NEXTG UCITS ETF A JPY ACC,IE00BWTNM743,NXTG,https://www.charles-stanley-direct.co.uk/ViewShare?InvestmentId=sw9oTUr5J24%3D,"Invest in this share within an ISA, JISA, SIPP or Investment Account"
UBS (LUX) FUND SOLUTIONS SICAV SOLACTIVE CHINA TECH ETF A USD ACC,LU2265794276,CHTU,https://www.charles-stanley-direct.co.uk/ViewShare?InvestmentId=mRnYNjOMHI0%3D,"Invest in this share within an ISA, JISA, SIPP or Investment Account"
SWISS & GLOBAL ASSET MANAGEMENT AG SWISSCANTO ETF P.M.P. SILVER A EUR DIS,LU2265794276,0VQO,https://www.charles-stanley-direct.co.uk/ViewShare?InvestmentId=U%2BiODUqipOw%3D,
MULTI UNITS LUXEMBOURG AMUNDI CORE S&P 500 SWAP ETF USD DIST,LU2265794276,LSPU,https://www.charles-stanley-direct.co.uk/ViewShare?InvestmentId=US9r5ue%2BRpg%3D,
